[
  {
    "model": "admin.logentry",
    "pk": 1,
    "fields": {
      "action_time": "2023-07-10T13:45:33.607Z",
      "user": 1,
      "content_type": 7,
      "object_id": "1",
      "object_repr": "Food and drinks",
      "action_flag": 1,
      "change_message": "[{\"added\": {}}]"
    }
  },
  {
    "model": "admin.logentry",
    "pk": 2,
    "fields": {
      "action_time": "2023-07-10T13:48:43.703Z",
      "user": 1,
      "content_type": 8,
      "object_id": "1",
      "object_repr": "Green Tea",
      "action_flag": 1,
      "change_message": "[{\"added\": {}}]"
    }
  },
  {
    "model": "admin.logentry",
    "pk": 3,
    "fields": {
      "action_time": "2023-07-10T14:10:16.552Z",
      "user": 1,
      "content_type": 8,
      "object_id": "2",
      "object_repr": "Green tea powder",
      "action_flag": 1,
      "change_message": "[{\"added\": {}}]"
    }
  },
  {
    "model": "admin.logentry",
    "pk": 4,
    "fields": {
      "action_time": "2023-07-10T14:10:49.727Z",
      "user": 1,
      "content_type": 8,
      "object_id": "1",
      "object_repr": "Green Tea",
      "action_flag": 3,
      "change_message": ""
    }
  },
  {
    "model": "admin.logentry",
    "pk": 5,
    "fields": {
      "action_time": "2023-07-10T14:45:11.739Z",
      "user": 1,
      "content_type": 8,
      "object_id": "3",
      "object_repr": "Blue Tokai Coffee Roster Vienna Roast",
      "action_flag": 1,
      "change_message": "[{\"added\": {}}]"
    }
  },
  {
    "model": "admin.logentry",
    "pk": 6,
    "fields": {
      "action_time": "2023-07-10T14:46:35.612Z",
      "user": 1,
      "content_type": 8,
      "object_id": "2",
      "object_repr": "Green tea powder",
      "action_flag": 2,
      "change_message": "[{\"changed\": {\"fields\": [\"Image\"]}}]"
    }
  },
  {
    "model": "admin.logentry",
    "pk": 7,
    "fields": {
      "action_time": "2023-07-10T14:46:47.386Z",
      "user": 1,
      "content_type": 8,
      "object_id": "2",
      "object_repr": "Green tea powder",
      "action_flag": 2,
      "change_message": "[{\"changed\": {\"fields\": [\"Image\"]}}]"
    }
  },
  {
    "model": "admin.logentry",
    "pk": 8,
    "fields": {
      "action_time": "2023-07-10T14:52:53.886Z",
      "user": 1,
      "content_type": 8,
      "object_id": "4",
      "object_repr": "Kellogg's Corn Flakes Original 1.2kg",
      "action_flag": 1,
      "change_message": "[{\"added\": {}}]"
    }
  },
  {
    "model": "admin.logentry",
    "pk": 9,
    "fields": {
      "action_time": "2023-07-10T14:54:32.420Z",
      "user": 1,
      "content_type": 8,
      "object_id": "5",
      "object_repr": "Fresh cucumber 500g",
      "action_flag": 1,
      "change_message": "[{\"added\": {}}]"
    }
  },
  {
    "model": "admin.logentry",
    "pk": 10,
    "fields": {
      "action_time": "2023-07-10T14:55:06.615Z",
      "user": 1,
      "content_type": 7,
      "object_id": "2",
      "object_repr": "Furniture",
      "action_flag": 1,
      "change_message": "[{\"added\": {}}]"
    }
  },
  {
    "model": "admin.logentry",
    "pk": 11,
    "fields": {
      "action_time": "2023-07-10T14:55:17.599Z",
      "user": 1,
      "content_type": 7,
      "object_id": "3",
      "object_repr": "Home supplies",
      "action_flag": 1,
      "change_message": "[{\"added\": {}}]"
    }
  },
  {
    "model": "admin.logentry",
    "pk": 12,
    "fields": {
      "action_time": "2023-07-10T14:55:33.414Z",
      "user": 1,
      "content_type": 7,
      "object_id": "4",
      "object_repr": "Clothes and shoes",
      "action_flag": 1,
      "change_message": "[{\"added\": {}}]"
    }
  },
  {
    "model": "admin.logentry",
    "pk": 13,
    "fields": {
      "action_time": "2023-07-15T09:47:07.938Z",
      "user": 1,
      "content_type": 8,
      "object_id": "6",
      "object_repr": "TAGAS Women Dress",
      "action_flag": 1,
      "change_message": "[{\"added\": {}}]"
    }
  },
  {
    "model": "admin.logentry",
    "pk": 14,
    "fields": {
      "action_time": "2023-07-15T09:49:47.092Z",
      "user": 1,
      "content_type": 8,
      "object_id": "7",
      "object_repr": "ROWLANS Women's Synthetic Leather Comfortable/Running Lace-Ups Sports Shoes",
      "action_flag": 1,
      "change_message": "[{\"added\": {}}]"
    }
  },
  {
    "model": "admin.logentry",
    "pk": 15,
    "fields": {
      "action_time": "2023-07-15T09:52:15.737Z",
      "user": 1,
      "content_type": 8,
      "object_id": "8",
      "object_repr": "ANJWAR Tub Chairs | ARM Chairs",
      "action_flag": 1,
      "change_message": "[{\"added\": {}}]"
    }
  },
  {
    "model": "admin.logentry",
    "pk": 16,
    "fields": {
      "action_time": "2023-07-15T09:54:49.953Z",
      "user": 1,
      "content_type": 8,
      "object_id": "9",
      "object_repr": "XForce Plaza Wooden Desk Organizer, Multi-Functional Desk Pen Holder Organizer,",
      "action_flag": 1,
      "change_message": "[{\"added\": {}}]"
    }
  },
  {
    "model": "admin.logentry",
    "pk": 17,
    "fields": {
      "action_time": "2023-07-15T09:57:44.470Z",
      "user": 1,
      "content_type": 8,
      "object_id": "10",
      "object_repr": "The Charmika - Tan Brown Leather Butterfly Chair",
      "action_flag": 1,
      "change_message": "[{\"added\": {}}]"
    }
  },
  {
    "model": "admin.logentry",
    "pk": 18,
    "fields": {
      "action_time": "2023-07-15T09:58:51.175Z",
      "user": 1,
      "content_type": 8,
      "object_id": "11",
      "object_repr": "IKEA Poang Armchair Birch Veneer Hillared Dark Blue",
      "action_flag": 1,
      "change_message": "[{\"added\": {}}]"
    }
  },
  {
    "model": "admin.logentry",
    "pk": 19,
    "fields": {
      "action_time": "2023-07-15T09:59:52.075Z",
      "user": 1,
      "content_type": 8,
      "object_id": "12",
      "object_repr": "Furnmill Domino Wooden Upholstered Chair, Fabric Color : Green, Finish : Natural, Fabric",
      "action_flag": 1,
      "change_message": "[{\"added\": {}}]"
    }
  },
  {
    "model": "admin.logentry",
    "pk": 20,
    "fields": {
      "action_time": "2023-07-15T10:01:17.295Z",
      "user": 1,
      "content_type": 8,
      "object_id": "12",
      "object_repr": "Furnmill Domino Wooden Upholstered Chair, Fabric Color : Green, Finish : Natural, Fabric",
      "action_flag": 2,
      "change_message": "[{\"changed\": {\"fields\": [\"Image\"]}}]"
    }
  },
  {
    "model": "admin.logentry",
    "pk": 21,
    "fields": {
      "action_time": "2023-07-17T10:55:49.187Z",
      "user": 1,
      "content_type": 9,
      "object_id": "7",
      "object_repr": "Order 7",
      "action_flag": 3,
      "change_message": ""
    }
  },
  {
    "model": "admin.logentry",
    "pk": 22,
    "fields": {
      "action_time": "2023-07-17T10:55:49.189Z",
      "user": 1,
      "content_type": 9,
      "object_id": "6",
      "object_repr": "Order 6",
      "action_flag": 3,
      "change_message": ""
    }
  },
  {
    "model": "admin.logentry",
    "pk": 23,
    "fields": {
      "action_time": "2023-07-20T12:24:28.884Z",
      "user": 1,
      "content_type": 11,
      "object_id": "1",
      "object_repr": "SUMMER",
      "action_flag": 1,
      "change_message": "[{\"added\": {}}]"
    }
  },
  {
    "model": "admin.logentry",
    "pk": 24,
    "fields": {
      "action_time": "2023-07-24T15:14:38.019Z",
      "user": 1,
      "content_type": 7,
      "object_id": "4",
      "object_repr": "Food and drinks",
      "action_flag": 2,
      "change_message": "[{\"changed\": {\"fields\": [\"Name\", \"Slug\"]}}]"
    }
  },
  {
    "model": "admin.logentry",
    "pk": 25,
    "fields": {
      "action_time": "2023-07-24T15:15:13.073Z",
      "user": 1,
      "content_type": 7,
      "object_id": "4",
      "object_repr": "Comidas y bebidas",
      "action_flag": 2,
      "change_message": "[{\"changed\": {\"fields\": [\"Name\", \"Slug\"]}}]"
    }
  },
  {
    "model": "admin.logentry",
    "pk": 26,
    "fields": {
      "action_time": "2023-07-24T15:15:40.818Z",
      "user": 1,
      "content_type": 7,
      "object_id": "3",
      "object_repr": "Furniture",
      "action_flag": 2,
      "change_message": "[{\"changed\": {\"fields\": [\"Name\", \"Slug\"]}}]"
    }
  },
  {
    "model": "admin.logentry",
    "pk": 27,
    "fields": {
      "action_time": "2023-07-24T15:16:26.747Z",
      "user": 1,
      "content_type": 7,
      "object_id": "3",
      "object_repr": "Muebles",
      "action_flag": 2,
      "change_message": "[{\"changed\": {\"fields\": [\"Name\", \"Slug\"]}}]"
    }
  },
  {
    "model": "admin.logentry",
    "pk": 28,
    "fields": {
      "action_time": "2023-07-24T15:16:56.004Z",
      "user": 1,
      "content_type": 7,
      "object_id": "2",
      "object_repr": "Vestimenta y calzado",
      "action_flag": 2,
      "change_message": "[{\"changed\": {\"fields\": [\"Name\", \"Slug\"]}}]"
    }
  },
  {
    "model": "admin.logentry",
    "pk": 29,
    "fields": {
      "action_time": "2023-07-24T15:17:08.385Z",
      "user": 1,
      "content_type": 7,
      "object_id": "2",
      "object_repr": "Clothes and shoes",
      "action_flag": 2,
      "change_message": "[{\"changed\": {\"fields\": [\"Name\", \"Slug\"]}}]"
    }
  },
  {
    "model": "admin.logentry",
    "pk": 30,
    "fields": {
      "action_time": "2023-07-24T15:17:38.238Z",
      "user": 1,
      "content_type": 7,
      "object_id": "1",
      "object_repr": "Home supplies",
      "action_flag": 2,
      "change_message": "[{\"changed\": {\"fields\": [\"Name\", \"Slug\"]}}]"
    }
  },
  {
    "model": "admin.logentry",
    "pk": 31,
    "fields": {
      "action_time": "2023-07-24T15:17:43.958Z",
      "user": 1,
      "content_type": 7,
      "object_id": "1",
      "object_repr": "Suministros domésticos",
      "action_flag": 2,
      "change_message": "[{\"changed\": {\"fields\": [\"Name\", \"Slug\"]}}]"
    }
  },
  {
    "model": "admin.logentry",
    "pk": 32,
    "fields": {
      "action_time": "2023-07-24T15:20:17.947Z",
      "user": 1,
      "content_type": 8,
      "object_id": "2",
      "object_repr": "Green Tea",
      "action_flag": 2,
      "change_message": "[{\"changed\": {\"fields\": [\"Category\", \"Name\", \"Slug\", \"Description\"]}}]"
    }
  },
  {
    "model": "admin.logentry",
    "pk": 33,
    "fields": {
      "action_time": "2023-07-24T15:20:37.479Z",
      "user": 1,
      "content_type": 8,
      "object_id": "2",
      "object_repr": "Té verde",
      "action_flag": 2,
      "change_message": "[{\"changed\": {\"fields\": [\"Name\", \"Slug\", \"Description\"]}}]"
    }
  },
  {
    "model": "admin.logentry",
    "pk": 34,
    "fields": {
      "action_time": "2023-07-24T15:22:01.002Z",
      "user": 1,
      "content_type": 8,
      "object_id": "3",
      "object_repr": "Blue Tokai Coffee",
      "action_flag": 2,
      "change_message": "[{\"changed\": {\"fields\": [\"Category\", \"Name\", \"Slug\", \"Description\"]}}]"
    }
  },
  {
    "model": "admin.logentry",
    "pk": 35,
    "fields": {
      "action_time": "2023-07-24T15:22:25.278Z",
      "user": 1,
      "content_type": 8,
      "object_id": "3",
      "object_repr": "Café Tokai Azul",
      "action_flag": 2,
      "change_message": "[{\"changed\": {\"fields\": [\"Name\", \"Slug\", \"Description\"]}}]"
    }
  },
  {
    "model": "admin.logentry",
    "pk": 36,
    "fields": {
      "action_time": "2023-07-24T15:23:29.986Z",
      "user": 1,
      "content_type": 8,
      "object_id": "5",
      "object_repr": "Fresh cucumber",
      "action_flag": 2,
      "change_message": "[{\"changed\": {\"fields\": [\"Category\", \"Name\", \"Slug\", \"Description\"]}}]"
    }
  },
  {
    "model": "admin.logentry",
    "pk": 37,
    "fields": {
      "action_time": "2023-07-24T15:23:59.606Z",
      "user": 1,
      "content_type": 8,
      "object_id": "5",
      "object_repr": "Pepinos frescos",
      "action_flag": 2,
      "change_message": "[{\"changed\": {\"fields\": [\"Name\", \"Slug\", \"Description\"]}}]"
    }
  },
  {
    "model": "admin.logentry",
    "pk": 38,
    "fields": {
      "action_time": "2023-07-24T15:24:31.549Z",
      "user": 1,
      "content_type": 8,
      "object_id": "4",
      "object_repr": "Cereal",
      "action_flag": 2,
      "change_message": "[{\"changed\": {\"fields\": [\"Category\", \"Name\", \"Slug\", \"Description\"]}}]"
    }
  },
  {
    "model": "admin.logentry",
    "pk": 39,
    "fields": {
      "action_time": "2023-07-24T15:24:47.568Z",
      "user": 1,
      "content_type": 8,
      "object_id": "4",
      "object_repr": "Cereal",
      "action_flag": 2,
      "change_message": "[]"
    }
  },
  {
    "model": "admin.logentry",
    "pk": 40,
    "fields": {
      "action_time": "2023-07-24T15:25:06.982Z",
      "user": 1,
      "content_type": 8,
      "object_id": "4",
      "object_repr": "Cereales",
      "action_flag": 2,
      "change_message": "[{\"changed\": {\"fields\": [\"Name\", \"Slug\", \"Description\"]}}]"
    }
  },
  {
    "model": "admin.logentry",
    "pk": 41,
    "fields": {
      "action_time": "2023-07-24T15:25:44.034Z",
      "user": 1,
      "content_type": 8,
      "object_id": "6",
      "object_repr": "Women dress",
      "action_flag": 2,
      "change_message": "[{\"changed\": {\"fields\": [\"Category\", \"Name\", \"Slug\", \"Description\"]}}]"
    }
  },
  {
    "model": "admin.logentry",
    "pk": 42,
    "fields": {
      "action_time": "2023-07-24T15:26:15.706Z",
      "user": 1,
      "content_type": 8,
      "object_id": "6",
      "object_repr": "Vestido de mujer",
      "action_flag": 2,
      "change_message": "[{\"changed\": {\"fields\": [\"Name\", \"Slug\", \"Description\"]}}]"
    }
  },
  {
    "model": "admin.logentry",
    "pk": 43,
    "fields": {
      "action_time": "2023-07-24T15:26:51.831Z",
      "user": 1,
      "content_type": 8,
      "object_id": "7",
      "object_repr": "Sneakers",
      "action_flag": 2,
      "change_message": "[{\"changed\": {\"fields\": [\"Name\", \"Slug\", \"Description\"]}}]"
    }
  },
  {
    "model": "admin.logentry",
    "pk": 44,
    "fields": {
      "action_time": "2023-07-24T15:27:21.893Z",
      "user": 1,
      "content_type": 8,
      "object_id": "7",
      "object_repr": "Zapatillas",
      "action_flag": 2,
      "change_message": "[{\"changed\": {\"fields\": [\"Category\", \"Name\", \"Slug\", \"Description\"]}}]"
    }
  },
  {
    "model": "admin.logentry",
    "pk": 45,
    "fields": {
      "action_time": "2023-07-24T15:27:30.716Z",
      "user": 1,
      "content_type": 8,
      "object_id": "7",
      "object_repr": "Sneakers",
      "action_flag": 2,
      "change_message": "[]"
    }
  },
  {
    "model": "admin.logentry",
    "pk": 46,
    "fields": {
      "action_time": "2023-07-24T15:27:53.712Z",
      "user": 1,
      "content_type": 8,
      "object_id": "8",
      "object_repr": "Big Chair",
      "action_flag": 2,
      "change_message": "[{\"changed\": {\"fields\": [\"Category\", \"Name\", \"Slug\", \"Description\"]}}]"
    }
  },
  {
    "model": "admin.logentry",
    "pk": 47,
    "fields": {
      "action_time": "2023-07-24T15:28:15.218Z",
      "user": 1,
      "content_type": 8,
      "object_id": "8",
      "object_repr": "Big Chair",
      "action_flag": 2,
      "change_message": "[]"
    }
  },
  {
    "model": "admin.logentry",
    "pk": 48,
    "fields": {
      "action_time": "2023-07-24T15:28:30.654Z",
      "user": 1,
      "content_type": 8,
      "object_id": "8",
      "object_repr": "Silla grande",
      "action_flag": 2,
      "change_message": "[{\"changed\": {\"fields\": [\"Name\", \"Slug\", \"Description\"]}}]"
    }
  },
  {
    "model": "admin.logentry",
    "pk": 49,
    "fields": {
      "action_time": "2023-07-24T15:29:12.313Z",
      "user": 1,
      "content_type": 8,
      "object_id": "9",
      "object_repr": "Desk Organizer",
      "action_flag": 2,
      "change_message": "[{\"changed\": {\"fields\": [\"Category\", \"Name\", \"Slug\", \"Description\"]}}]"
    }
  },
  {
    "model": "admin.logentry",
    "pk": 50,
    "fields": {
      "action_time": "2023-07-24T15:29:26.754Z",
      "user": 1,
      "content_type": 8,
      "object_id": "9",
      "object_repr": "Organizador de escritorio",
      "action_flag": 2,
      "change_message": "[{\"changed\": {\"fields\": [\"Name\", \"Slug\", \"Description\"]}}]"
    }
  },
  {
    "model": "admin.logentry",
    "pk": 51,
    "fields": {
      "action_time": "2023-07-24T15:30:13.992Z",
      "user": 1,
      "content_type": 8,
      "object_id": "10",
      "object_repr": "Leather Chair",
      "action_flag": 2,
      "change_message": "[{\"changed\": {\"fields\": [\"Category\", \"Name\", \"Slug\", \"Description\"]}}]"
    }
  },
  {
    "model": "admin.logentry",
    "pk": 52,
    "fields": {
      "action_time": "2023-07-24T15:30:28.161Z",
      "user": 1,
      "content_type": 8,
      "object_id": "10",
      "object_repr": "Silla de cuero",
      "action_flag": 2,
      "change_message": "[{\"changed\": {\"fields\": [\"Name\", \"Slug\", \"Description\"]}}]"
    }
  },
  {
    "model": "admin.logentry",
    "pk": 53,
    "fields": {
      "action_time": "2023-07-24T15:31:10.484Z",
      "user": 1,
      "content_type": 8,
      "object_id": "11",
      "object_repr": "Cozy Chair",
      "action_flag": 2,
      "change_message": "[{\"changed\": {\"fields\": [\"Name\", \"Slug\", \"Description\"]}}]"
    }
  },
  {
    "model": "admin.logentry",
    "pk": 54,
    "fields": {
      "action_time": "2023-07-24T15:31:55.247Z",
      "user": 1,
      "content_type": 8,
      "object_id": "11",
      "object_repr": "Silla Acogedora",
      "action_flag": 2,
      "change_message": "[{\"changed\": {\"fields\": [\"Name\", \"Slug\", \"Description\"]}}]"
    }
  },
  {
    "model": "admin.logentry",
    "pk": 55,
    "fields": {
      "action_time": "2023-07-24T15:32:28.954Z",
      "user": 1,
      "content_type": 8,
      "object_id": "11",
      "object_repr": "Silla Acogedora",
      "action_flag": 2,
      "change_message": "[{\"changed\": {\"fields\": [\"Slug\"]}}]"
    }
  },
  {
    "model": "admin.logentry",
    "pk": 56,
    "fields": {
      "action_time": "2023-07-24T15:32:55.629Z",
      "user": 1,
      "content_type": 8,
      "object_id": "12",
      "object_repr": "Green Chair",
      "action_flag": 2,
      "change_message": "[{\"changed\": {\"fields\": [\"Name\", \"Slug\", \"Description\"]}}]"
    }
  },
  {
    "model": "admin.logentry",
    "pk": 57,
    "fields": {
      "action_time": "2023-07-24T15:33:28.542Z",
      "user": 1,
      "content_type": 8,
      "object_id": "12",
      "object_repr": "Silla Verde",
      "action_flag": 2,
      "change_message": "[{\"changed\": {\"fields\": [\"Name\", \"Slug\", \"Description\"]}}]"
    }
  },
  {
    "model": "auth.permission",
    "pk": 1,
    "fields": {
      "name": "Can add log entry",
      "content_type": 1,
      "codename": "add_logentry"
    }
  },
  {
    "model": "auth.permission",
    "pk": 2,
    "fields": {
      "name": "Can change log entry",
      "content_type": 1,
      "codename": "change_logentry"
    }
  },
  {
    "model": "auth.permission",
    "pk": 3,
    "fields": {
      "name": "Can delete log entry",
      "content_type": 1,
      "codename": "delete_logentry"
    }
  },
  {
    "model": "auth.permission",
    "pk": 4,
    "fields": {
      "name": "Can view log entry",
      "content_type": 1,
      "codename": "view_logentry"
    }
  },
  {
    "model": "auth.permission",
    "pk": 5,
    "fields": {
      "name": "Can add permission",
      "content_type": 2,
      "codename": "add_permission"
    }
  },
  {
    "model": "auth.permission",
    "pk": 6,
    "fields": {
      "name": "Can change permission",
      "content_type": 2,
      "codename": "change_permission"
    }
  },
  {
    "model": "auth.permission",
    "pk": 7,
    "fields": {
      "name": "Can delete permission",
      "content_type": 2,
      "codename": "delete_permission"
    }
  },
  {
    "model": "auth.permission",
    "pk": 8,
    "fields": {
      "name": "Can view permission",
      "content_type": 2,
      "codename": "view_permission"
    }
  },
  {
    "model": "auth.permission",
    "pk": 9,
    "fields": {
      "name": "Can add group",
      "content_type": 3,
      "codename": "add_group"
    }
  },
  {
    "model": "auth.permission",
    "pk": 10,
    "fields": {
      "name": "Can change group",
      "content_type": 3,
      "codename": "change_group"
    }
  },
  {
    "model": "auth.permission",
    "pk": 11,
    "fields": {
      "name": "Can delete group",
      "content_type": 3,
      "codename": "delete_group"
    }
  },
  {
    "model": "auth.permission",
    "pk": 12,
    "fields": {
      "name": "Can view group",
      "content_type": 3,
      "codename": "view_group"
    }
  },
  {
    "model": "auth.permission",
    "pk": 13,
    "fields": {
      "name": "Can add user",
      "content_type": 4,
      "codename": "add_user"
    }
  },
  {
    "model": "auth.permission",
    "pk": 14,
    "fields": {
      "name": "Can change user",
      "content_type": 4,
      "codename": "change_user"
    }
  },
  {
    "model": "auth.permission",
    "pk": 15,
    "fields": {
      "name": "Can delete user",
      "content_type": 4,
      "codename": "delete_user"
    }
  },
  {
    "model": "auth.permission",
    "pk": 16,
    "fields": {
      "name": "Can view user",
      "content_type": 4,
      "codename": "view_user"
    }
  },
  {
    "model": "auth.permission",
    "pk": 17,
    "fields": {
      "name": "Can add content type",
      "content_type": 5,
      "codename": "add_contenttype"
    }
  },
  {
    "model": "auth.permission",
    "pk": 18,
    "fields": {
      "name": "Can change content type",
      "content_type": 5,
      "codename": "change_contenttype"
    }
  },
  {
    "model": "auth.permission",
    "pk": 19,
    "fields": {
      "name": "Can delete content type",
      "content_type": 5,
      "codename": "delete_contenttype"
    }
  },
  {
    "model": "auth.permission",
    "pk": 20,
    "fields": {
      "name": "Can view content type",
      "content_type": 5,
      "codename": "view_contenttype"
    }
  },
  {
    "model": "auth.permission",
    "pk": 21,
    "fields": {
      "name": "Can add session",
      "content_type": 6,
      "codename": "add_session"
    }
  },
  {
    "model": "auth.permission",
    "pk": 22,
    "fields": {
      "name": "Can change session",
      "content_type": 6,
      "codename": "change_session"
    }
  },
  {
    "model": "auth.permission",
    "pk": 23,
    "fields": {
      "name": "Can delete session",
      "content_type": 6,
      "codename": "delete_session"
    }
  },
  {
    "model": "auth.permission",
    "pk": 24,
    "fields": {
      "name": "Can view session",
      "content_type": 6,
      "codename": "view_session"
    }
  },
  {
    "model": "auth.permission",
    "pk": 25,
    "fields": {
      "name": "Can add category",
      "content_type": 7,
      "codename": "add_category"
    }
  },
  {
    "model": "auth.permission",
    "pk": 26,
    "fields": {
      "name": "Can change category",
      "content_type": 7,
      "codename": "change_category"
    }
  },
  {
    "model": "auth.permission",
    "pk": 27,
    "fields": {
      "name": "Can delete category",
      "content_type": 7,
      "codename": "delete_category"
    }
  },
  {
    "model": "auth.permission",
    "pk": 28,
    "fields": {
      "name": "Can view category",
      "content_type": 7,
      "codename": "view_category"
    }
  },
  {
    "model": "auth.permission",
    "pk": 29,
    "fields": {
      "name": "Can add product",
      "content_type": 8,
      "codename": "add_product"
    }
  },
  {
    "model": "auth.permission",
    "pk": 30,
    "fields": {
      "name": "Can change product",
      "content_type": 8,
      "codename": "change_product"
    }
  },
  {
    "model": "auth.permission",
    "pk": 31,
    "fields": {
      "name": "Can delete product",
      "content_type": 8,
      "codename": "delete_product"
    }
  },
  {
    "model": "auth.permission",
    "pk": 32,
    "fields": {
      "name": "Can view product",
      "content_type": 8,
      "codename": "view_product"
    }
  },
  {
    "model": "auth.permission",
    "pk": 33,
    "fields": {
      "name": "Can add order",
      "content_type": 9,
      "codename": "add_order"
    }
  },
  {
    "model": "auth.permission",
    "pk": 34,
    "fields": {
      "name": "Can change order",
      "content_type": 9,
      "codename": "change_order"
    }
  },
  {
    "model": "auth.permission",
    "pk": 35,
    "fields": {
      "name": "Can delete order",
      "content_type": 9,
      "codename": "delete_order"
    }
  },
  {
    "model": "auth.permission",
    "pk": 36,
    "fields": {
      "name": "Can view order",
      "content_type": 9,
      "codename": "view_order"
    }
  },
  {
    "model": "auth.permission",
    "pk": 37,
    "fields": {
      "name": "Can add order item",
      "content_type": 10,
      "codename": "add_orderitem"
    }
  },
  {
    "model": "auth.permission",
    "pk": 38,
    "fields": {
      "name": "Can change order item",
      "content_type": 10,
      "codename": "change_orderitem"
    }
  },
  {
    "model": "auth.permission",
    "pk": 39,
    "fields": {
      "name": "Can delete order item",
      "content_type": 10,
      "codename": "delete_orderitem"
    }
  },
  {
    "model": "auth.permission",
    "pk": 40,
    "fields": {
      "name": "Can view order item",
      "content_type": 10,
      "codename": "view_orderitem"
    }
  },
  {
    "model": "auth.permission",
    "pk": 41,
    "fields": {
      "name": "Can add coupon",
      "content_type": 11,
      "codename": "add_coupon"
    }
  },
  {
    "model": "auth.permission",
    "pk": 42,
    "fields": {
      "name": "Can change coupon",
      "content_type": 11,
      "codename": "change_coupon"
    }
  },
  {
    "model": "auth.permission",
    "pk": 43,
    "fields": {
      "name": "Can delete coupon",
      "content_type": 11,
      "codename": "delete_coupon"
    }
  },
  {
    "model": "auth.permission",
    "pk": 44,
    "fields": {
      "name": "Can view coupon",
      "content_type": 11,
      "codename": "view_coupon"
    }
  },
  {
    "model": "auth.user",
    "pk": 1,
    "fields": {
      "password": "pbkdf2_sha256$600000$Ss8gSTVdhbjtOJUwdVQaKL$NOC8IiaUcp5pjcYKHuBJtRerozsmKTYgkvucLKp+J90=",
      "last_login": "2023-07-10T13:44:59.176Z",
      "is_superuser": true,
      "username": "admin",
      "first_name": "",
      "last_name": "",
      "email": "admin@gmail.com",
      "is_staff": true,
      "is_active": true,
      "date_joined": "2023-07-10T13:43:46.036Z",
      "groups": [],
      "user_permissions": []
    }
  },
  {
    "model": "contenttypes.contenttype",
    "pk": 1,
    "fields": {
      "app_label": "admin",
      "model": "logentry"
    }
  },
  {
    "model": "contenttypes.contenttype",
    "pk": 2,
    "fields": {
      "app_label": "auth",
      "model": "permission"
    }
  },
  {
    "model": "contenttypes.contenttype",
    "pk": 3,
    "fields": {
      "app_label": "auth",
      "model": "group"
    }
  },
  {
    "model": "contenttypes.contenttype",
    "pk": 4,
    "fields": {
      "app_label": "auth",
      "model": "user"
    }
  },
  {
    "model": "contenttypes.contenttype",
    "pk": 5,
    "fields": {
      "app_label": "contenttypes",
      "model": "contenttype"
    }
  },
  {
    "model": "contenttypes.contenttype",
    "pk": 6,
    "fields": {
      "app_label": "sessions",
      "model": "session"
    }
  },
  {
    "model": "contenttypes.contenttype",
    "pk": 7,
    "fields": {
      "app_label": "shop",
      "model": "category"
    }
  },
  {
    "model": "contenttypes.contenttype",
    "pk": 8,
    "fields": {
      "app_label": "shop",
      "model": "product"
    }
  },
  {
    "model": "contenttypes.contenttype",
    "pk": 9,
    "fields": {
      "app_label": "orders",
      "model": "order"
    }
  },
  {
    "model": "contenttypes.contenttype",
    "pk": 10,
    "fields": {
      "app_label": "orders",
      "model": "orderitem"
    }
  },
  {
    "model": "contenttypes.contenttype",
    "pk": 11,
    "fields": {
      "app_label": "coupons",
      "model": "coupon"
    }
  },
  {
    "model": "contenttypes.contenttype",
    "pk": 12,
    "fields": {
      "app_label": "shop",
      "model": "categorytranslation"
    }
  },
  {
    "model": "contenttypes.contenttype",
    "pk": 13,
    "fields": {
      "app_label": "shop",
      "model": "producttranslation"
    }
  },
  {
    "model": "sessions.session",
    "pk": "4aemoi7fliyr4tvynqwpvwpu6t2i9x68",
    "fields": {
      "session_data": ".eJxVTjkOgzAQ_ItrZLEcPijT5w1o8S6BBNmRwRXi7zERRdLNrdlFj2mb-rRy7GcSnQBR_GoDuhf706An-keQLvgtzoM8I_JyV3kPxMvtyv4NTLhOud0aNTqox1pbxKZCBK0rNE2ruapHNhaQQNmyKZkVDcxQWnTcKjIZGpNHQ6TrJKhCuJDewX-pT8uSBYyb6Pbj-ADiZ0Wk:1qOJjg:t3YYa9CPXwLFS1yPJddaTciWAR3iMWlET_QyqnUH3Ns",
      "expire_date": "2023-08-08T15:14:04.428Z"
    }
  },
  {
    "model": "shop.categorytranslation",
    "pk": 1,
    "fields": {
      "language_code": "en",
      "name": "Food and drinks",
      "slug": "food-and-drinks",
      "master": 4
    }
  },
  {
    "model": "shop.categorytranslation",
    "pk": 2,
    "fields": {
      "language_code": "es",
      "name": "Comidas y bebidas",
      "slug": "comidas-y-bebidas",
      "master": 4
    }
  },
  {
    "model": "shop.categorytranslation",
    "pk": 3,
    "fields": {
      "language_code": "en",
      "name": "Furniture",
      "slug": "furniture",
      "master": 3
    }
  },
  {
    "model": "shop.categorytranslation",
    "pk": 4,
    "fields": {
      "language_code": "es",
      "name": "Muebles",
      "slug": "muebles",
      "master": 3
    }
  },
  {
    "model": "shop.categorytranslation",
    "pk": 5,
    "fields": {
      "language_code": "es",
      "name": "Vestimenta y calzado",
      "slug": "vestimenta-y-calzado",
      "master": 2
    }
  },
  {
    "model": "shop.categorytranslation",
    "pk": 6,
    "fields": {
      "language_code": "en",
      "name": "Clothes and shoes",
      "slug": "clothes-and-shoes",
      "master": 2
    }
  },
  {
    "model": "shop.categorytranslation",
    "pk": 7,
    "fields": {
      "language_code": "en",
      "name": "Home supplies",
      "slug": "home-supplies",
      "master": 1
    }
  },
  {
    "model": "shop.categorytranslation",
    "pk": 8,
    "fields": {
      "language_code": "es",
      "name": "Suministros domésticos",
      "slug": "suministros-domesticos",
      "master": 1
    }
  },
  {
    "model": "shop.category",
    "pk": 1,
    "fields": {}
  },
  {
    "model": "shop.category",
    "pk": 2,
    "fields": {}
  },
  {
    "model": "shop.category",
    "pk": 3,
    "fields": {}
  },
  {
    "model": "shop.category",
    "pk": 4,
    "fields": {}
  },
  {
    "model": "shop.producttranslation",
    "pk": 1,
    "fields": {
      "language_code": "en",
      "name": "Green Tea",
      "slug": "green-tea",
      "description": "Actual product packaging and materials may contain more and different information than what is shown on our app or website. We recommend that you do not rely solely on the information presented here and that you always read labels, warnings, and directions before using or consuming a product.",
      "master": 2
    }
  },
  {
    "model": "shop.producttranslation",
    "pk": 2,
    "fields": {
      "language_code": "es",
      "name": "Té verde",
      "slug": "te-verde",
      "description": "Los envases y materiales reales de los productos pueden contener más información o información diferente de la que se muestra en nuestra aplicación o sitio web. Le recomendamos que no confíe únicamente en la información aquí presentada y que lea siempre las etiquetas, advertencias e instrucciones antes de usar o consumir un producto.",
      "master": 2
    }
  },
  {
    "model": "shop.producttranslation",
    "pk": 3,
    "fields": {
      "language_code": "en",
      "name": "Blue Tokai Coffee",
      "slug": "blue-tokai-coffee",
      "description": "About this item\r\nRecommended Brewing Methods - French Press, Inverted Aeropress, Moka Pot, Coffee Filter\r\nRoast Level - Medium Dark\r\nTasting Notes - Dark Chocolate, Figs, Roasted Almond\r\nAttikan Estate's arabica coffee comes from the Biligiriranga Hills in Karnataka and is one of most popular coffees. Sweet with fruity overtones and balanced acidity, this is the darkest of our standard medium roasts and recommended for espresso lovers.",
      "master": 3
    }
  },
  {
    "model": "shop.producttranslation",
    "pk": 4,
    "fields": {
      "language_code": "es",
      "name": "Café Tokai Azul",
      "slug": "cafe-tokai-azul",
      "description": "Acerca de este artículo\r\nMétodos de preparación recomendados - Prensa francesa, Aeropress invertida, Moka Pot, Filtro de café\r\nGrado de tueste - Medio oscuro\r\nNotas de cata - Chocolate negro, higos, almendra tostada\r\nEl café arábica de Attikan Estate procede de las colinas de Biligiriranga, en Karnataka, y es uno de los cafés más populares. Dulce con matices afrutados y acidez equilibrada, es el más oscuro de nuestros tostados medios estándar y se recomienda para los amantes del espresso.",
      "master": 3
    }
  },
  {
    "model": "shop.producttranslation",
    "pk": 5,
    "fields": {
      "language_code": "en",
      "name": "Fresh cucumber",
      "slug": "fresh-cucumber",
      "description": "Extremely fresh and crunchy",
      "master": 5
    }
  },
  {
    "model": "shop.producttranslation",
    "pk": 6,
    "fields": {
      "language_code": "es",
      "name": "Pepinos frescos",
      "slug": "pepinos-frescos",
      "description": "Extremadamente fresco y crujiente",
      "master": 5
    }
  },
  {
    "model": "shop.producttranslation",
    "pk": 7,
    "fields": {
      "language_code": "en",
      "name": "Cereal",
      "slug": "cereal",
      "description": "Great for breakfast",
      "master": 4
    }
  },
  {
    "model": "shop.producttranslation",
    "pk": 8,
    "fields": {
      "language_code": "es",
      "name": "Cereales",
      "slug": "cereales",
      "description": "Ideal para el desayuno",
      "master": 4
    }
  },
  {
    "model": "shop.producttranslation",
    "pk": 9,
    "fields": {
      "language_code": "en",
      "name": "Women dress",
      "slug": "women-dress",
      "description": "Perfect for the second date",
      "master": 6
    }
  },
  {
    "model": "shop.producttranslation",
    "pk": 10,
    "fields": {
      "language_code": "es",
      "name": "Vestido de mujer",
      "slug": "vestido-de-mujer",
      "description": "Perfect for the second date",
      "master": 6
    }
  },
  {
    "model": "shop.producttranslation",
    "pk": 11,
    "fields": {
      "language_code": "en",
      "name": "Sneakers",
      "slug": "sneakers",
      "description": "Ideal for rainy mornings in the park.",
      "master": 7
    }
  },
  {
    "model": "shop.producttranslation",
    "pk": 12,
    "fields": {
      "language_code": "es",
      "name": "Zapatillas",
      "slug": "zapatillas",
      "description": "Ideal para las mañanas lluviosas en el parque.",
      "master": 7
    }
  },
  {
    "model": "shop.producttranslation",
    "pk": 13,
    "fields": {
      "language_code": "en",
      "name": "Big Chair",
      "slug": "big-chair",
      "description": "Perfect for reading",
      "master": 8
    }
  },
  {
    "model": "shop.producttranslation",
    "pk": 14,
    "fields": {
      "language_code": "es",
      "name": "Silla grande",
      "slug": "silla-grande",
      "description": "Perfecto para leer",
      "master": 8
    }
  },
  {
    "model": "shop.producttranslation",
    "pk": 15,
    "fields": {
      "language_code": "en",
      "name": "Desk Organizer",
      "slug": "desk-organizer",
      "description": "For your pencils and pens.",
      "master": 9
    }
  },
  {
    "model": "shop.producttranslation",
    "pk": 16,
    "fields": {
      "language_code": "es",
      "name": "Organizador de escritorio",
      "slug": "organizador-de-escritorio",
      "description": "Para tus lápices y bolígrafos.",
      "master": 9
    }
  },
  {
    "model": "shop.producttranslation",
    "pk": 17,
    "fields": {
      "language_code": "en",
      "name": "Leather Chair",
      "slug": "leather-chair",
      "description": "For deep thinking",
      "master": 10
    }
  },
  {
    "model": "shop.producttranslation",
    "pk": 18,
    "fields": {
      "language_code": "es",
      "name": "Silla de cuero",
      "slug": "silla-de-cuero",
      "description": "Para pensar en profundidad",
      "master": 10
    }
  },
  {
    "model": "shop.producttranslation",
    "pk": 19,
    "fields": {
      "language_code": "en",
      "name": "Silla Acogedora",
      "slug": "silla-acogedora",
      "description": "Para el tiempo libre",
      "master": 11
    }
  },
  {
    "model": "shop.producttranslation",
    "pk": 20,
    "fields": {
      "language_code": "en",
      "name": "Green Chair",
      "slug": "green-chair",
      "description": "For special evenings",
      "master": 12
    }
  },
  {
    "model": "shop.producttranslation",
    "pk": 21,
    "fields": {
      "language_code": "es",
      "name": "Silla Verde",
      "slug": "silla-verde",
      "description": "Para veladas especiales",
      "master": 12
    }
  },
  {
    "model": "shop.product",
    "pk": 2,
    "fields": {
      "category": 4,
      "image": "products/2023/07/10/green_tea_powder.png",
      "price": "29.99",
      "available": true,
      "created": "2023-07-10T14:10:16.551Z",
      "updated": "2023-07-24T15:20:37.478Z"
    }
  },
  {
    "model": "shop.product",
    "pk": 3,
    "fields": {
      "category": 4,
      "image": "products/2023/07/10/blue_tokay_coffee.png",
      "price": "129.99",
      "available": true,
      "created": "2023-07-10T14:45:11.737Z",
      "updated": "2023-07-24T15:22:25.277Z"
    }
  },
  {
    "model": "shop.product",
    "pk": 4,
    "fields": {
      "category": 4,
      "image": "",
      "price": "19.99",
      "available": true,
      "created": "2023-07-10T14:52:53.884Z",
      "updated": "2023-07-24T15:25:06.981Z"
    }
  },
  {
    "model": "shop.product",
    "pk": 5,
    "fields": {
      "category": 4,
      "image": "products/2023/07/10/cucumber.png",
      "price": "8.99",
      "available": true,
      "created": "2023-07-10T14:54:32.418Z",
      "updated": "2023-07-24T15:23:59.605Z"
    }
  },
  {
    "model": "shop.product",
    "pk": 6,
    "fields": {
      "category": 2,
      "image": "products/2023/07/15/dress.png",
      "price": "229.99",
      "available": true,
      "created": "2023-07-15T09:47:07.936Z",
      "updated": "2023-07-24T15:26:15.705Z"
    }
  },
  {
    "model": "shop.product",
    "pk": 7,
    "fields": {
      "category": 2,
      "image": "products/2023/07/15/training_shoes.png",
      "price": "69.99",
      "available": true,
      "created": "2023-07-15T09:49:47.090Z",
      "updated": "2023-07-24T15:27:30.715Z"
    }
  },
  {
    "model": "shop.product",
    "pk": 8,
    "fields": {
      "category": 3,
      "image": "products/2023/07/15/chairs.png",
      "price": "999.99",
      "available": true,
      "created": "2023-07-15T09:52:15.736Z",
      "updated": "2023-07-24T15:28:30.653Z"
    }
  },
  {
    "model": "shop.product",
    "pk": 9,
    "fields": {
      "category": 1,
      "image": "products/2023/07/15/desk_organizer.png",
      "price": "24.99",
      "available": true,
      "created": "2023-07-15T09:54:49.952Z",
      "updated": "2023-07-24T15:29:26.753Z"
    }
  },
  {
    "model": "shop.product",
    "pk": 10,
    "fields": {
      "category": 3,
      "image": "products/2023/07/15/chair4.png",
      "price": "1299.99",
      "available": true,
      "created": "2023-07-15T09:57:44.469Z",
      "updated": "2023-07-24T15:30:28.159Z"
    }
  },
  {
    "model": "shop.product",
    "pk": 11,
    "fields": {
      "category": 2,
      "image": "products/2023/07/15/chair3.png",
      "price": "119.99",
      "available": true,
      "created": "2023-07-15T09:58:51.175Z",
      "updated": "2023-07-24T15:32:28.952Z"
    }
  },
  {
    "model": "shop.product",
    "pk": 12,
    "fields": {
      "category": 2,
      "image": "products/2023/07/15/chair2.png",
      "price": "345.99",
      "available": true,
      "created": "2023-07-15T09:59:52.074Z",
      "updated": "2023-07-24T15:33:28.541Z"
    }
  },
  {
    "model": "orders.order",
    "pk": 1,
    "fields": {
      "first_name": "Julia",
      "last_name": "Jul",
      "email": "julia@gmail.com",
      "address": "Baker Street 226B",
      "postal_code": "223 456",
      "city": "London",
      "created": "2023-07-12T15:41:34.981Z",
      "updated": "2023-07-12T15:41:34.981Z",
      "paid": false,
      "stripe_id": "",
      "coupon": null,
      "discount": 0
    }
  },
  {
    "model": "orders.order",
    "pk": 2,
    "fields": {
      "first_name": "Julia",
      "last_name": "Jul",
      "email": "admin@myshop.com",
      "address": "Kharkivska 157",
      "postal_code": "61157",
      "city": "Kharkiv",
      "created": "2023-07-14T14:24:54.815Z",
      "updated": "2023-07-14T14:24:54.815Z",
      "paid": false,
      "stripe_id": "",
      "coupon": null,
      "discount": 0
    }
  },
  {
    "model": "orders.order",
    "pk": 3,
    "fields": {
      "first_name": "bob",
      "last_name": "jillinghorn",
      "email": "bob@myshop.com",
      "address": "St. Adams Str 12",
      "postal_code": "234 567",
      "city": "London",
      "created": "2023-07-14T14:34:11.778Z",
      "updated": "2023-07-14T14:34:11.778Z",
      "paid": false,
      "stripe_id": "",
      "coupon": null,
      "discount": 0
    }
  },
  {
    "model": "orders.order",
    "pk": 4,
    "fields": {
      "first_name": "Mary",
      "last_name": "Stephenson",
      "email": "mary@myshop.com",
      "address": "Mary Str. 112",
      "postal_code": "112 345",
      "city": "London",
      "created": "2023-07-14T15:40:34.144Z",
      "updated": "2023-07-14T15:40:34.144Z",
      "paid": false,
      "stripe_id": "",
      "coupon": null,
      "discount": 0
    }
  },
  {
    "model": "orders.order",
    "pk": 5,
    "fields": {
      "first_name": "Mary",
      "last_name": "Thomas",
      "email": "may@myshop.com",
      "address": "St. Patrick Street 100",
      "postal_code": "153 467",
      "city": "London",
      "created": "2023-07-17T10:49:39.926Z",
      "updated": "2023-07-17T10:49:39.926Z",
      "paid": false,
      "stripe_id": "",
      "coupon": null,
      "discount": 0
    }
  },
  {
    "model": "orders.order",
    "pk": 8,
    "fields": {
      "first_name": "James",
      "last_name": "Michael",
      "email": "james@gmail.com",
      "address": "Michelson 123",
      "postal_code": "123 456",
      "city": "London",
      "created": "2023-07-17T10:51:36.505Z",
      "updated": "2023-07-17T10:51:36.505Z",
      "paid": false,
      "stripe_id": "",
      "coupon": null,
      "discount": 0
    }
  },
  {
    "model": "orders.order",
    "pk": 9,
    "fields": {
      "first_name": "Bonnie",
      "last_name": "Tyler",
      "email": "tyler@gmail.com",
      "address": "Tyler Street 456",
      "postal_code": "684 981",
      "city": "London",
      "created": "2023-07-17T11:11:30.279Z",
      "updated": "2023-07-17T11:12:18.809Z",
      "paid": true,
      "stripe_id": "pi_3NUpLhDONPBsDVjP0yoi7Flv",
      "coupon": null,
      "discount": 0
    }
  },
  {
    "model": "orders.order",
    "pk": 10,
    "fields": {
      "first_name": "Michael",
      "last_name": "Jackson",
      "email": "Michael@gmail.com",
      "address": "Howards Street 137",
      "postal_code": "098 764",
      "city": "New York",
      "created": "2023-07-17T12:15:06.151Z",
      "updated": "2023-07-17T12:15:49.069Z",
      "paid": true,
      "stripe_id": "pi_3NUqL9DONPBsDVjP0KOzCQxy",
      "coupon": null,
      "discount": 0
    }
  },
  {
    "model": "orders.order",
    "pk": 11,
    "fields": {
      "first_name": "Tom",
      "last_name": "Cruise",
      "email": "tom@gmail.com",
      "address": "Cruise Street 12",
      "postal_code": "076 543",
      "city": "London",
      "created": "2023-07-17T12:18:05.623Z",
      "updated": "2023-07-17T12:18:34.291Z",
      "paid": true,
      "stripe_id": "pi_3NUqNoDONPBsDVjP0sYgKcau",
      "coupon": null,
      "discount": 0
    }
  },
  {
    "model": "orders.order",
    "pk": 12,
    "fields": {
      "first_name": "Stephen",
      "last_name": "Fry",
      "email": "stephen@gmail.com",
      "address": "Fry Avenue 764",
      "postal_code": "764 359",
      "city": "London",
      "created": "2023-07-20T13:12:18.089Z",
      "updated": "2023-07-20T13:13:21.947Z",
      "paid": true,
      "stripe_id": "pi_3NVwfUDONPBsDVjP00QWlvQo",
      "coupon": 1,
      "discount": 10
    }
  },
  {
    "model": "orders.order",
    "pk": 13,
    "fields": {
      "first_name": "Lila",
      "last_name": "Newton",
      "email": "lila@gmail.com",
      "address": "Newton Street 112",
      "postal_code": "112 321",
      "city": "London",
      "created": "2023-07-20T13:19:06.378Z",
      "updated": "2023-07-20T13:19:42.338Z",
      "paid": true,
      "stripe_id": "pi_3NVwlcDONPBsDVjP2UKBp1fZ",
      "coupon": 1,
      "discount": 10
    }
  },
  {
    "model": "orders.order",
    "pk": 14,
    "fields": {
      "first_name": "Gordon",
      "last_name": "Freeman",
      "email": "gordon@gmail.com",
      "address": "Freeman Avenue 862",
      "postal_code": "863 451",
      "city": "London",
      "created": "2023-07-20T14:04:28.889Z",
      "updated": "2023-07-20T14:05:00.427Z",
      "paid": true,
      "stripe_id": "pi_3NVxTSDONPBsDVjP0TMTqQRS",
      "coupon": 1,
      "discount": 10
    }
  },
  {
    "model": "orders.order",
    "pk": 15,
    "fields": {
      "first_name": "Tom",
      "last_name": "Jefferson",
      "email": "tom@gmail.com",
      "address": "Jefferson Av. 56",
      "postal_code": "10005",
      "city": "New York",
      "created": "2023-07-24T16:18:08.572Z",
      "updated": "2023-07-24T16:18:47.902Z",
      "paid": true,
      "stripe_id": "pi_3NXRT8DONPBsDVjP0BSN95PL",
      "coupon": null,
      "discount": 0
    }
  },
  {
    "model": "orders.order",
    "pk": 16,
    "fields": {
      "first_name": "Victor",
      "last_name": "Chain",
      "email": "chain@gmail.com",
      "address": "victor 123",
      "postal_code": "10005",
      "city": "New York",
      "created": "2023-07-25T15:11:56.239Z",
      "updated": "2023-07-25T15:12:32.801Z",
      "paid": true,
      "stripe_id": "pi_3NXmuYDONPBsDVjP0EoEs9TK",
      "coupon": null,
      "discount": 0
    }
  },
  {
    "model": "orders.orderitem",
    "pk": 1,
    "fields": {
      "order": 1,
      "product": 5,
      "price": "8.99",
      "quantity": 2
    }
  },
  {
    "model": "orders.orderitem",
    "pk": 2,
    "fields": {
      "order": 2,
      "product": 3,
      "price": "129.99",
      "quantity": 1
    }
  },
  {
    "model": "orders.orderitem",
    "pk": 3,
    "fields": {
      "order": 3,
      "product": 2,
      "price": "29.99",
      "quantity": 1
    }
  },
  {
    "model": "orders.orderitem",
    "pk": 4,
    "fields": {
      "order": 4,
      "product": 3,
      "price": "129.99",
      "quantity": 1
    }
  },
  {
    "model": "orders.orderitem",
    "pk": 5,
    "fields": {
      "order": 5,
      "product": 8,
      "price": "999.99",
      "quantity": 1
    }
  },
  {
    "model": "orders.orderitem",
    "pk": 6,
    "fields": {
      "order": 8,
      "product": 11,
      "price": "119.99",
      "quantity": 1
    }
  },
  {
    "model": "orders.orderitem",
    "pk": 7,
    "fields": {
      "order": 9,
      "product": 8,
      "price": "999.99",
      "quantity": 1
    }
  },
  {
    "model": "orders.orderitem",
    "pk": 8,
    "fields": {
      "order": 9,
      "product": 12,
      "price": "345.99",
      "quantity": 1
    }
  },
  {
    "model": "orders.orderitem",
    "pk": 9,
    "fields": {
      "order": 10,
      "product": 6,
      "price": "229.99",
      "quantity": 1
    }
  },
  {
    "model": "orders.orderitem",
    "pk": 10,
    "fields": {
      "order": 10,
      "product": 9,
      "price": "24.99",
      "quantity": 1
    }
  },
  {
    "model": "orders.orderitem",
    "pk": 11,
    "fields": {
      "order": 11,
      "product": 10,
      "price": "1299.99",
      "quantity": 1
    }
  },
  {
    "model": "orders.orderitem",
    "pk": 12,
    "fields": {
      "order": 12,
      "product": 5,
      "price": "8.99",
      "quantity": 1
    }
  },
  {
    "model": "orders.orderitem",
    "pk": 13,
    "fields": {
      "order": 12,
      "product": 10,
      "price": "1299.99",
      "quantity": 1
    }
  },
  {
    "model": "orders.orderitem",
    "pk": 14,
    "fields": {
      "order": 13,
      "product": 11,
      "price": "119.99",
      "quantity": 1
    }
  },
  {
    "model": "orders.orderitem",
    "pk": 15,
    "fields": {
      "order": 14,
      "product": 3,
      "price": "129.99",
      "quantity": 2
    }
  },
  {
    "model": "orders.orderitem",
    "pk": 16,
    "fields": {
      "order": 14,
      "product": 7,
      "price": "69.99",
      "quantity": 1
    }
  },
  {
    "model": "orders.orderitem",
    "pk": 17,
    "fields": {
      "order": 15,
      "product": 6,
      "price": "229.99",
      "quantity": 1
    }
  },
  {
    "model": "orders.orderitem",
    "pk": 18,
    "fields": {
      "order": 16,
      "product": 2,
      "price": "29.99",
      "quantity": 1
    }
  },
  {
    "model": "coupons.coupon",
    "pk": 1,
    "fields": {
      "code": "SUMMER",
      "valid_from": "2023-06-01T00:00:00Z",
      "valid_to": "2023-09-01T00:00:00Z",
      "discount": 10,
      "active": true
    }
  }
]
